Title,Link
メディー株式会社: TOP,https://mediee.jp/
メディー株式会社の会社情報,https://www.wantedly.com/companies/mediee
メディー株式会社 医師のサブスク「ツイキュアRooms」をリリース,https://prtimes.jp/main/html/rd/p/000000008.000083906.html
メディー株式会社のプレスリリース,https://prtimes.jp/main/html/searchrlp/company_id/83906
メディー株式会社の会社情報と資金調達 | NIKKEI COMPASS,https://www.nikkei.com/compass/company/9mgEnav9LpTDLNpYxJD8LR
メディー株式会社、SNS医療相談サービス「ツイキュア」の回答 ...,https://www.wolterskluwer.com/ja-jp/news/mediee-inc-selects-uptodate-for-physicians-at-twicure
メディー株式会社 感染拡大を受け、ツイキュアを無料に,https://mediee.jp/press/twicure-for-free/
メディー｜STARTUP DB（スタートアップデータベース）,https://startup-db.com/companies/zrkOZa3UVwoGMaQ6
メディー株式会社 感染拡大を受け、医師への医療相談サービス ...,https://b2b-ch.infomart.co.jp/news/detail.page?IMNEWS4=3411297
